"","MONTH","BOROUGH","COMMUNITYDISTRICT","REFUSETONSCOLLECTED","PAPERTONSCOLLECTED","MGPTONSCOLLECTED","RESORGANICSTONS","SCHOOLORGANICTONS","LEAVESORGANICTONS","XMASTREETONS","BOROUGH_ID"
"2580","2020 / 01","Queens","01",3935.7,662.1,696.1,NA,NA,NA,42,4
"2581","2020 / 01","Brooklyn","16",2022.3,125.5,188,23.7,NA,9.2,3.8,3
"2582","2020 / 01","Queens","02",2927,461.1,438.2,75,66.8,NA,22.8,4
"2583","2020 / 01","Brooklyn","02",2450.4,582.7,463.8,80.7,42.1,NA,52.5,3
"2584","2020 / 01","Staten Island","02",3946.9,586,534.8,NA,46.2,NA,26.7,5
"2585","2020 / 02","Brooklyn","14",4062.5,429.5,360.5,NA,58.4,NA,NA,3
"2586","2020 / 02","Brooklyn","05",3871.4,212,343.6,NA,NA,NA,NA,3
"2587","2020 / 02","Bronx","04",3589.5,212.3,335.3,11.6,NA,NA,NA,2
"2588","2020 / 02","Brooklyn","02",2255,479.1,382.4,62,27.6,NA,NA,3
"2589","2020 / 02","Brooklyn","16",1796.4,94.7,146.8,18,NA,NA,NA,3
"2590","2020 / 02","Queens","14",2367,212.7,234,49.8,NA,NA,NA,4
"2591","2020 / 03","Queens","11",2685.3,459.8,468.4,137.6,38.7,NA,NA,4
"2592","2020 / 03","Brooklyn","03",3943.5,392.5,408.3,NA,NA,NA,NA,3
"2593","2020 / 03","Queens","04",3948.8,315.7,428,NA,NA,NA,NA,4
"2594","2020 / 03","Brooklyn","07",3052.6,421.9,425.8,57.1,68.5,NA,NA,3
"2595","2020 / 03","Bronx","05",3391.8,206.3,335.9,NA,NA,NA,NA,2
"2596","2020 / 04","Brooklyn","02",2007.9,450.1,466,81.2,NA,NA,NA,3
"2597","2020 / 04","Brooklyn","06",1865,500.2,479.3,105.5,NA,NA,NA,3
"2598","2020 / 04","Queens","01",3888.5,607.4,768.9,NA,NA,NA,NA,4
"2599","2020 / 04","Manhattan","08",3609.6,856.8,790.8,10.8,NA,NA,NA,1
"2600","2020 / 04","Manhattan","02",1259.9,316.3,308.2,NA,NA,NA,NA,1
"2601","2020 / 04","Queens","03",4465.5,335.6,567.5,NA,NA,NA,NA,4
"2602","2020 / 04","Bronx","02",1480.8,102,170.9,NA,NA,NA,NA,2
"2603","2020 / 05","Manhattan","11",2158.3,218.7,219.7,NA,NA,NA,NA,1
"2604","2020 / 05","Queens","13",6563.7,474,1065.8,19.3,NA,NA,NA,4
"2605","2020 / 05","Bronx","01",2225.8,150.9,159.2,0.4,NA,NA,NA,2
"2606","2020 / 05","Manhattan","03",2674.8,292,346.9,NA,NA,NA,NA,1
"2607","2020 / 05","Staten Island","01",6495.4,651.4,925.8,12.3,NA,NA,NA,5
"2608","2020 / 05","Brooklyn","07",3395.3,415.9,440,1.3,NA,NA,NA,3
"2609","2020 / 06","Brooklyn","17",5294.7,392.5,607.7,NA,NA,NA,NA,3
"2610","2020 / 06","Bronx","11",3745.5,345.4,521.1,NA,NA,NA,NA,2
"2611","2020 / 06","Brooklyn","06",2357.8,544.4,488,NA,NA,NA,NA,3
"2612","2020 / 06","Queens","04",4630.9,402.8,573.4,NA,NA,NA,NA,4
"2613","2020 / 06","Brooklyn","04",3813,373,501.8,NA,NA,NA,NA,3
"2614","2020 / 06","Bronx","01",2430.3,207.1,209.4,NA,NA,NA,NA,2
"2615","2020 / 07","Staten Island","03",6772.4,900.7,960.4,NA,NA,NA,NA,5
"2616","2020 / 07","Brooklyn","18",6732.9,679.8,857.7,NA,NA,NA,NA,3
"2617","2020 / 07","Brooklyn","10",3906.2,532.2,555,NA,NA,NA,NA,3
"2618","2020 / 07","Manhattan","06",2670.1,528.7,456.1,NA,NA,NA,NA,1
"2619","2020 / 07","Brooklyn","15",4937.5,599.2,598.6,NA,NA,NA,NA,3
"2620","2020 / 07","Manhattan","10",3011.6,326.4,325.3,NA,NA,NA,NA,1
"2621","2020 / 07","Manhattan","03",3056.7,380.5,394.2,NA,NA,NA,NA,1
"2622","2020 / 07","Queens","09",4904.7,517,770.5,NA,NA,NA,NA,4
"2623","2020 / 07","Bronx","05",4120.4,331.8,435.4,NA,NA,NA,NA,2
"2624","2020 / 08","Brooklyn","10",3815.1,484.6,515.6,NA,NA,NA,NA,3
"2625","2020 / 08","Brooklyn","14",5137.8,474.8,506.7,NA,NA,NA,NA,3
"2626","2020 / 08","Brooklyn","07",3722.6,424.6,457.7,NA,NA,NA,NA,3
"2627","2020 / 08","Manhattan","08",4348.4,866.6,722.1,NA,NA,NA,NA,1
"2628","2020 / 08","Brooklyn","01",5249.8,745.7,588.6,NA,NA,NA,NA,3
"2629","2020 / 08","Bronx","11",3655.9,281.5,468,NA,NA,NA,NA,2
"2630","2020 / 08","Staten Island","02",5021.5,533.7,710.5,NA,NA,NA,NA,5
"2631","2020 / 08","Manhattan","03",3037.6,345.7,332.7,NA,NA,NA,NA,1
"2632","2020 / 08","Queens","06",3180.1,421.7,424.6,NA,NA,NA,NA,4
"2633","2020 / 09","Queens","13",6561.8,520,985.4,NA,NA,NA,NA,4
"2634","2020 / 09","Bronx","11",3443.4,281.5,447.6,NA,NA,NA,NA,2
"2635","2020 / 09","Brooklyn","13",2349.3,204.3,261.1,NA,NA,NA,NA,3
"2636","2020 / 10","Manhattan","03",2911,413.2,359.6,NA,NA,NA,NA,1
"2637","2020 / 10","Manhattan","06",2851.2,621.8,482.4,NA,NA,NA,NA,1
"2638","2020 / 10","Bronx","02",1736.9,157.1,199.5,NA,NA,NA,NA,2
"2639","2020 / 11","Bronx","12",4292.3,385.7,571.6,NA,NA,NA,NA,2
"2640","2020 / 11","Queens","07",7212,760.5,760.6,NA,NA,NA,NA,4
"2641","2020 / 11","Brooklyn","12",6513.2,655.3,359.1,NA,NA,NA,NA,3
"2642","2020 / 11","Queens","01",4221.7,641.8,657,NA,NA,NA,NA,4
"2643","2020 / 11","Queens","04",4148.6,335.9,546.4,NA,NA,NA,NA,4
"2644","2020 / 11","Manhattan","12",4980.6,432.5,474.8,NA,NA,NA,NA,1
"2645","2020 / 11","Manhattan","06",2567.4,456.3,356,NA,NA,NA,NA,1
"2646","2020 / 11","Brooklyn","02",2638.5,500.7,422.8,NA,NA,NA,NA,3
"2647","2020 / 12","Queens","07",6902.1,949.7,896.9,NA,NA,NA,NA,4
"2648","2020 / 12","Manhattan","11",2322.7,276.6,235.9,NA,NA,NA,NA,1
"2649","2020 / 12","Bronx","12",4174,488.3,684.6,NA,NA,NA,NA,2
"2650","2020 / 12","Queens","05",5191.7,794.5,918.7,NA,NA,NA,NA,4
"2651","2020 / 12","Manhattan","10",2843.8,368.7,322.5,NA,NA,13.5,NA,1
"2652","2020 / 12","Manhattan","07",4467.1,1168.4,844,NA,NA,NA,NA,1
"2653","2020 / 12","Manhattan","01",1252.2,401.5,268.2,NA,NA,NA,NA,1
"2854","2020 / 11","Queens","7A",NA,NA,NA,NA,NA,4.5,NA,NA
"5397","2020 / 01","Brooklyn","05",4358.6,288.2,459.3,NA,NA,NA,4.6,3
"5398","2020 / 01","Queens","03",4658.7,410.6,540.7,NA,NA,NA,29.5,4
"5399","2020 / 01","Brooklyn","18",5060.7,591.8,644.6,NA,NA,NA,13.8,3
"5400","2020 / 01","Brooklyn","07",3132.2,444.3,435.2,58.5,132.5,NA,28.2,3
"5401","2020 / 01","Queens","07",6075.7,843.4,788.1,109.9,NA,NA,82.8,4
"5402","2020 / 01","Queens","11",2615.7,497.4,456.6,120.5,82.1,NA,35,4
"5403","2020 / 01","Bronx","11",2821.3,312.8,374.3,57.2,NA,NA,17.2,2
"5404","2020 / 01","Queens","04",3990.8,383.7,487.1,NA,NA,NA,15.2,4
"5405","2020 / 01","Bronx","04",3877.7,236.8,388,14.6,NA,NA,6.2,2
"5406","2020 / 01","Manhattan","03",2857,381.9,365.6,NA,53.9,NA,20,1
"5407","2020 / 01","Manhattan","05",1285.2,298.7,201,NA,NA,NA,22.4,1
"5408","2020 / 01","Brooklyn","06",2081.9,611.8,473.8,115.5,52.1,NA,70.6,3
"5409","2020 / 01","Bronx","09",3664.2,237,365.6,NA,NA,NA,14.7,2
"5410","2020 / 02","Staten Island","03",4510.2,632,579.9,NA,25,NA,NA,5
"5411","2020 / 02","Manhattan","02",1717.3,412.4,310,NA,22.9,NA,NA,1
"5412","2020 / 02","Manhattan","07",4253.6,1017.3,758.6,36.2,37.1,NA,NA,1
"5413","2020 / 02","Bronx","12",3081.5,302.5,502.5,104.3,NA,NA,NA,2
"5414","2020 / 02","Brooklyn","01",5065.6,605.8,451.6,44.9,NA,11.5,NA,3
"5415","2020 / 02","Brooklyn","10",2818.5,418,408.6,51.5,NA,14.5,NA,3
"5416","2020 / 02","Staten Island","01",4212.7,515.5,572.9,48.9,NA,NA,NA,5
"5417","2020 / 02","Bronx","02",1346.8,92.5,138.4,NA,NA,NA,NA,2
"5418","2020 / 03","Brooklyn","08",2539.6,317.9,322.1,NA,11.2,NA,NA,3
"5419","2020 / 03","Brooklyn","11",4793.8,591.6,550.8,42.7,NA,9.2,NA,3
"5420","2020 / 03","Bronx","12",3480,351.9,562.9,115.4,NA,NA,NA,2
"5421","2020 / 03","Manhattan","12",4534.5,421.5,502.1,36.4,26.7,NA,NA,1
"5422","2020 / 03","Brooklyn","16",2027,93.8,151.8,18.2,NA,NA,NA,3
"5423","2020 / 03","Bronx","08",2197.2,322.3,399.1,56.7,NA,NA,NA,2
"5424","2020 / 03","Bronx","10",2277.1,291.5,412.8,59.1,NA,NA,NA,2
"5425","2020 / 03","Bronx","11",2806.9,274.8,359.2,65.1,NA,NA,NA,2
"5426","2020 / 03","Manhattan","01",1311.2,377.9,251.6,20.2,NA,NA,NA,1
"5427","2020 / 03","Queens","05",4562.3,594.1,762.2,115.5,40.8,NA,NA,4
"5428","2020 / 03","Brooklyn","13",1915.1,190.5,227.6,18,NA,NA,NA,3
"5429","2020 / 04","Manhattan","05",900.2,198.8,176.8,NA,NA,NA,NA,1
"5430","2020 / 04","Brooklyn","08",2396.8,286.2,324.9,NA,NA,NA,NA,3
"5431","2020 / 04","Manhattan","01",924,266.3,241.2,13.9,NA,NA,NA,1
"5432","2020 / 04","Queens","06",2609.8,390.7,452.9,NA,NA,NA,NA,4
"5433","2020 / 04","Queens","12",6478.1,444.2,958.4,NA,NA,NA,NA,4
"5434","2020 / 04","Queens","08",3384.3,430.1,468.7,71.7,NA,NA,NA,4
"5435","2020 / 05","Queens","05",5577.8,601.6,1009,8.4,NA,NA,NA,4
"5436","2020 / 05","Queens","14",3537.2,285.6,370.7,8.4,NA,NA,NA,4
"5437","2020 / 05","Brooklyn","10",3591.3,489.8,532.6,4.4,NA,NA,NA,3
"5438","2020 / 05","Manhattan","06",2345.4,454.8,442.6,3.6,NA,NA,NA,1
"5439","2020 / 05","Queens","06",2924.6,412.3,442.4,NA,NA,NA,NA,4
"5440","2020 / 06","Manhattan","06",2637.9,426.8,387.5,NA,NA,NA,NA,1
"5441","2020 / 06","Queens","10",4817.9,442.3,814.7,NA,NA,NA,NA,4
"5442","2020 / 06","Manhattan","09",2331.2,259.9,290.4,NA,NA,NA,NA,1
"5443","2020 / 06","Queens","11",3693.3,533.5,592,NA,NA,NA,NA,4
"5444","2020 / 06","Bronx","12",4863.3,487.1,797.5,NA,NA,NA,NA,2
"5445","2020 / 06","Bronx","08",2686.7,412.5,487.6,NA,NA,NA,NA,2
"5446","2020 / 06","Brooklyn","16",2596.3,142.4,217.4,NA,NA,NA,NA,3
"5447","2020 / 07","Bronx","08",2663.6,377.2,443.8,NA,NA,NA,NA,2
"5448","2020 / 07","Queens","12",8575.7,628.8,1250.5,NA,NA,NA,NA,4
"5449","2020 / 07","Queens","06",3249.2,465.8,459,NA,NA,NA,NA,4
"5450","2020 / 07","Brooklyn","01",5147.7,755.8,663.2,NA,NA,NA,NA,3
"5451","2020 / 07","Queens","01",4669.5,696.7,764.7,NA,NA,NA,NA,4
"5452","2020 / 07","Manhattan","04",2449.5,494.5,446.4,NA,NA,NA,NA,1
"5453","2020 / 07","Brooklyn","11",5762.9,655.5,710.2,NA,NA,NA,NA,3
"5454","2020 / 07","Manhattan","11",2457.2,252.1,230.8,NA,NA,NA,NA,1
"5455","2020 / 07","Queens","10",4804.9,428.4,773.2,NA,NA,NA,NA,4
"5456","2020 / 07","Brooklyn","02",2663.6,502.2,478.1,NA,NA,NA,NA,3
"5457","2020 / 07","Bronx","01",2411,166.2,182.3,NA,NA,NA,NA,2
"5458","2020 / 07","Manhattan","01",1175.9,327.2,251.1,NA,NA,NA,NA,1
"5459","2020 / 08","Queens","03",5808.5,427.5,635.4,NA,NA,NA,NA,4
"5460","2020 / 08","Brooklyn","12",5601.7,606.4,389.4,NA,NA,NA,NA,3
"5461","2020 / 08","Queens","14",3911.9,285.1,362.1,NA,NA,NA,NA,4
"5462","2020 / 08","Brooklyn","04",3802.3,355.7,488,NA,NA,NA,NA,3
"5463","2020 / 08","Queens","05",5638.6,602.9,860.4,NA,NA,NA,NA,4
"5464","2020 / 08","Bronx","01",2430.6,164.8,182.7,NA,NA,NA,NA,2
"5465","2020 / 08","Brooklyn","11",5515.4,608.3,648.2,NA,NA,NA,NA,3
"5466","2020 / 09","Brooklyn","14",5222.1,491,497.3,NA,NA,NA,NA,3
"5467","2020 / 09","Queens","02",3434.5,475.1,465.3,NA,NA,NA,NA,4
"5468","2020 / 09","Queens","05",5552.1,647.6,867.9,NA,NA,NA,NA,4
"5469","2020 / 09","Queens","01",4416.9,675.1,723.6,NA,NA,NA,NA,4
"5470","2020 / 09","Manhattan","06",2793.8,515.8,391.2,NA,NA,NA,NA,1
"5471","2020 / 09","Queens","09",4600.2,428,748.1,NA,NA,NA,NA,4
"5472","2020 / 09","Queens","08",4266.4,489.9,468.4,NA,NA,NA,NA,4
"5473","2020 / 09","Bronx","06",2477.3,272.6,300.4,NA,NA,NA,NA,2
"5474","2020 / 09","Bronx","12",4504,434.2,684.9,NA,NA,NA,NA,2
"5475","2020 / 09","Bronx","10",2995.5,310.4,496.1,NA,NA,NA,NA,2
"5476","2020 / 09","Staten Island","02",4765.5,549.2,724.6,NA,NA,NA,NA,5
"5477","2020 / 09","Brooklyn","08",2974.2,382.4,367,NA,NA,NA,NA,3
"5478","2020 / 09","Bronx","02",1693.1,128.6,165.3,NA,NA,NA,NA,2
"5479","2020 / 10","Manhattan","09",2300.3,318,315.6,NA,NA,NA,NA,1
"5480","2020 / 10","Queens","05",5371.9,689.8,856.5,NA,NA,NA,NA,4
"5481","2020 / 10","Manhattan","05",1269.2,298.9,186.5,NA,NA,NA,NA,1
"5482","2020 / 10","Queens","11",3416.8,485.9,496,NA,NA,NA,NA,4
"5483","2020 / 10","Queens","04",4289.6,386.8,653.2,NA,NA,NA,NA,4
"5484","2020 / 10","Bronx","12",4405.8,444.6,648.6,NA,NA,NA,NA,2
"5485","2020 / 10","Brooklyn","07",3555,456.1,450.2,NA,NA,NA,NA,3
"5486","2020 / 11","Brooklyn","15",4946.5,554.5,512.7,NA,NA,NA,NA,3
"5487","2020 / 11","Brooklyn","10",3767.8,486.7,471,NA,NA,NA,NA,3
"5488","2020 / 11","Brooklyn","16",2382.1,112,185.7,NA,NA,NA,NA,3
"5489","2020 / 11","Manhattan","07",4425.6,953.8,728.4,NA,NA,NA,NA,1
"5490","2020 / 11","Manhattan","11",2195.4,209.5,189.4,NA,NA,NA,NA,1
"5491","2020 / 12","Brooklyn","16",2449,162.5,222,NA,NA,NA,NA,3
"5492","2020 / 12","Brooklyn","15",4869,685.1,602.6,NA,NA,NA,NA,3
"5493","2020 / 12","Manhattan","08",4829.9,1259,871.1,NA,NA,NA,NA,1
"5494","2020 / 12","Brooklyn","03",4404.9,561.3,503.1,NA,NA,NA,NA,3
"5495","2020 / 12","Manhattan","03",2773.5,389.9,354.4,NA,NA,NA,NA,1
"5496","2020 / 12","Brooklyn","13",2218.2,217.5,240.5,NA,NA,NA,NA,3
"5497","2020 / 12","Bronx","10",2779.9,403.7,474.4,NA,NA,NA,NA,2
"5498","2020 / 12","Bronx","03",2281.5,225.5,259.8,NA,NA,NA,NA,2
"5499","2020 / 12","Queens","06",2966.4,523.1,467.1,NA,NA,NA,NA,4
"5500","2020 / 12","Queens","14",3341.4,322.1,329,NA,NA,NA,NA,4
"5721","2020 / 12","Queens","7A",NA,NA,NA,NA,NA,7.5,NA,NA
"8334","2020 / 01","Brooklyn","08",2583.3,306.6,303.5,NA,15.7,NA,21.5,3
"8335","2020 / 01","Manhattan","11",2237.3,264.8,237.3,NA,NA,NA,12.5,1
"8336","2020 / 01","Brooklyn","12",6084.9,693.1,454.2,40.6,107.2,NA,7.3,3
"8337","2020 / 01","Manhattan","08",5085,1263.7,914.2,24,NA,NA,162,1
"8338","2020 / 01","Queens","10",3409.9,386.4,506.1,56.1,NA,NA,59,4
"8339","2020 / 01","Manhattan","01",1347.5,444.1,283,19.5,NA,NA,40.7,1
"8340","2020 / 01","Manhattan","02",1856.3,484.6,352.2,NA,27.1,NA,46,1
"8341","2020 / 01","Manhattan","06",2788.6,619.2,487,38.4,NA,NA,41,1
"8342","2020 / 01","Brooklyn","04",2947.4,297,403.6,NA,NA,NA,14.5,3
"8343","2020 / 01","Brooklyn","01",5299.1,714.1,545,53.3,NA,NA,44.5,3
"8344","2020 / 01","Queens","06",2749.6,459.8,414.8,NA,80.3,NA,6.4,4
"8345","2020 / 01","Manhattan","04",2303.8,541.2,460.7,35.6,NA,NA,29.7,1
"8346","2020 / 01","Bronx","06",2176.8,172.6,236.4,11.8,43.6,NA,18.4,2
"8347","2020 / 02","Bronx","11",2523.2,238.7,326,45.6,NA,NA,NA,2
"8348","2020 / 02","Bronx","05",3081.1,178.2,293.7,NA,NA,NA,NA,2
"8349","2020 / 02","Brooklyn","15",3924.1,508.9,443.7,51.6,NA,NA,NA,3
"8350","2020 / 02","Brooklyn","17",3646.5,258.6,382.4,NA,NA,NA,NA,3
"8351","2020 / 02","Queens","13",4030.4,346.9,719.6,127.2,NA,NA,NA,4
"8352","2020 / 02","Brooklyn","03",3452.5,330.8,325.7,NA,NA,NA,NA,3
"8353","2020 / 02","Queens","03",4172.5,315.1,435.8,NA,NA,NA,NA,4
"8354","2020 / 02","Bronx","06",1972.7,123.2,180.8,9,31.5,NA,NA,2
"8355","2020 / 02","Queens","04",3553.1,284.3,384.5,NA,NA,NA,NA,4
"8356","2020 / 03","Manhattan","08",4735.4,1128.5,824.2,16.7,NA,NA,NA,1
"8357","2020 / 03","Brooklyn","02",2372.5,514.1,440,79.7,19.8,NA,NA,3
"8358","2020 / 03","Brooklyn","06",1999.5,555.9,453.8,115.2,27.7,NA,NA,3
"8359","2020 / 03","Brooklyn","18",4845.4,526.4,609.2,NA,NA,NA,NA,3
"8360","2020 / 03","Brooklyn","15",4318.7,587.3,535.1,49,NA,NA,NA,3
"8361","2020 / 03","Bronx","07",3584.9,282.7,456.5,NA,NA,NA,NA,2
"8362","2020 / 03","Staten Island","02",4014.9,545.9,534.3,NA,20.4,NA,NA,5
"8363","2020 / 03","Brooklyn","10",3143.7,494.2,493.8,66.2,NA,NA,NA,3
"8364","2020 / 03","Queens","14",2763.7,248.9,266.3,69.5,NA,NA,NA,4
"8365","2020 / 03","Bronx","03",1955.4,139.8,219,NA,NA,NA,NA,2
"8366","2020 / 03","Manhattan","04",2278.7,461.3,394.3,37.3,NA,NA,NA,1
"8367","2020 / 04","Manhattan","10",2325.6,259.2,300.4,15.3,NA,NA,NA,1
"8368","2020 / 04","Staten Island","03",6130.2,812.2,905.4,NA,NA,NA,NA,5
"8369","2020 / 04","Bronx","01",1923.2,105.3,139.6,3.4,NA,NA,NA,2
"8370","2020 / 04","Bronx","11",2906.4,278,420.6,66,NA,NA,NA,2
"8371","2020 / 04","Bronx","05",3355.3,189.1,326.6,NA,NA,NA,NA,2
"8372","2020 / 04","Manhattan","11",1896.8,203.5,221.1,NA,NA,NA,NA,1
"8373","2020 / 05","Brooklyn","11",5251.3,607.5,614.6,3.1,NA,NA,NA,3
"8374","2020 / 05","Queens","04",4287.1,356.5,536.6,NA,NA,NA,NA,4
"8375","2020 / 05","Brooklyn","16",2325.3,142.4,220.4,4.1,NA,NA,NA,3
"8376","2020 / 05","Queens","09",4571.6,436,679.9,11.4,NA,NA,NA,4
"8377","2020 / 05","Bronx","02",1689.7,143.6,194.6,NA,NA,NA,NA,2
"8378","2020 / 06","Brooklyn","18",6653.2,662.1,842.6,NA,NA,NA,NA,3
"8379","2020 / 06","Brooklyn","07",3695.2,482.4,508.1,NA,NA,NA,NA,3
"8380","2020 / 06","Manhattan","08",4320.8,902.5,741.6,NA,NA,NA,NA,1
"8381","2020 / 06","Brooklyn","15",4932.7,598.7,627.6,NA,NA,NA,NA,3
"8382","2020 / 06","Brooklyn","03",4770.1,491.5,534.9,NA,NA,NA,NA,3
"8383","2020 / 06","Staten Island","03",7161.8,857.2,980.5,NA,NA,NA,NA,5
"8384","2020 / 06","Staten Island","02",5191.9,613.6,830.1,NA,NA,NA,NA,5
"8385","2020 / 06","Manhattan","03",3002.9,300.2,324.8,NA,NA,NA,NA,1
"8386","2020 / 06","Bronx","03",2354,240.5,276.5,NA,NA,NA,NA,2
"8387","2020 / 06","Manhattan","01",1207.8,286,224.9,NA,NA,NA,NA,1
"8388","2020 / 07","Staten Island","02",4921.8,602.7,789.1,NA,NA,NA,NA,5
"8389","2020 / 07","Manhattan","08",4280.1,963.4,746.5,NA,NA,NA,NA,1
"8390","2020 / 07","Staten Island","01",6389.2,704,986.8,NA,NA,NA,NA,5
"8391","2020 / 07","Queens","03",6005.3,487.1,712.3,NA,NA,NA,NA,4
"8392","2020 / 07","Queens","14",3850.1,319.2,399.6,NA,NA,NA,NA,4
"8393","2020 / 07","Queens","05",5568.4,648.2,1045.9,NA,NA,NA,NA,4
"8394","2020 / 07","Brooklyn","04",3889.5,378.8,498.5,NA,NA,NA,NA,3
"8395","2020 / 08","Brooklyn","02",2676.6,484.3,445.4,NA,NA,NA,NA,3
"8396","2020 / 08","Brooklyn","03",4692.3,427.8,477.2,NA,NA,NA,NA,3
"8397","2020 / 08","Bronx","08",2639.6,351.9,419.7,NA,NA,NA,NA,2
"8398","2020 / 08","Queens","13",6938.3,540.5,1016.6,NA,NA,NA,NA,4
"8399","2020 / 08","Bronx","06",2568.2,200.5,256.9,NA,NA,NA,NA,2
"8400","2020 / 09","Brooklyn","03",4779.5,528.6,512.8,NA,NA,NA,NA,3
"8401","2020 / 09","Brooklyn","01",6165,837.2,597.4,NA,NA,NA,NA,3
"8402","2020 / 09","Manhattan","10",2911.7,308.4,306.7,NA,NA,NA,NA,1
"8403","2020 / 09","Manhattan","11",2350.7,262.2,226,NA,NA,NA,NA,1
"8404","2020 / 09","Brooklyn","05",5488.9,334.7,546.5,NA,NA,NA,NA,3
"8405","2020 / 09","Manhattan","01",1329.3,356.9,224.4,NA,NA,NA,NA,1
"8406","2020 / 09","Brooklyn","02",2752.9,556.9,455.2,NA,NA,NA,NA,3
"8407","2020 / 10","Staten Island","01",6093.6,646.1,884.2,NA,NA,NA,NA,5
"8408","2020 / 10","Manhattan","04",2418.5,563,453.2,NA,NA,NA,NA,1
"8409","2020 / 10","Queens","12",7619.4,583.4,1016.4,NA,NA,NA,NA,4
"8410","2020 / 10","Manhattan","08",5017.6,1195.9,863.2,NA,NA,NA,NA,1
"8411","2020 / 10","Bronx","04",4402.9,323.7,411.7,NA,NA,NA,NA,2
"8412","2020 / 10","Bronx","09",4119.7,296.4,446.5,NA,NA,NA,NA,2
"8413","2020 / 11","Bronx","10",2911.9,293.7,402.2,NA,NA,NA,NA,2
"8414","2020 / 11","Bronx","05",3625.7,266.2,378.8,NA,NA,NA,NA,2
"8415","2020 / 11","Manhattan","05",1152.3,236.1,164.1,NA,NA,NA,NA,1
"8416","2020 / 11","Queens","02",3195.6,428.7,422.5,NA,NA,NA,NA,4
"8417","2020 / 11","Manhattan","08",4605.8,1013.6,729.1,NA,NA,NA,NA,1
"8418","2020 / 11","Brooklyn","01",5682.1,691,518.5,NA,NA,NA,NA,3
"8419","2020 / 12","Bronx","09",3935.6,315.2,458.2,NA,NA,NA,NA,2
"8420","2020 / 12","Bronx","02",1723.3,163,188.1,NA,NA,4.5,NA,2
"8421","2020 / 12","Manhattan","04",2305.2,536.6,424.1,NA,NA,NA,NA,1
"8422","2020 / 12","Manhattan","09",2245.3,280,280,NA,NA,NA,NA,1
"8423","2020 / 12","Staten Island","02",4435.9,733.9,653.6,NA,NA,3.4,NA,5
"8424","2020 / 12","Bronx","05",3740.1,311.9,398.7,NA,NA,NA,NA,2
"8425","2020 / 12","Manhattan","02",1813.5,481.6,346.3,NA,NA,NA,NA,1
"8426","2020 / 12","Brooklyn","10",3688.1,617.9,578.3,NA,NA,NA,NA,3
"11263","2020 / 01","Bronx","10",2348.2,339.8,427.6,48.9,NA,NA,14,2
"11264","2020 / 01","Queens","05",4562.5,691.3,779.1,109.9,68.6,NA,72.3,4
"11265","2020 / 01","Brooklyn","09",2879.2,307.5,285.8,NA,NA,NA,13.8,3
"11266","2020 / 01","Staten Island","03",5351.9,856.2,761.6,NA,34.4,NA,42.6,5
"11267","2020 / 01","Queens","08",3374.4,468.9,411.6,104.5,NA,NA,38.4,4
"11268","2020 / 01","Bronx","02",1484.8,125.2,183.9,NA,NA,NA,4.5,2
"11269","2020 / 01","Queens","09",3634.3,463.6,552.2,164.1,40,NA,36,4
"11270","2020 / 02","Brooklyn","12",5717.2,603.1,395.3,35.4,79.5,NA,NA,3
"11271","2020 / 02","Brooklyn","07",2787,357.8,353.9,51.3,105.8,NA,NA,3
"11272","2020 / 02","Queens","11",2242.2,391.5,373.3,98.6,61.6,NA,NA,4
"11273","2020 / 02","Queens","12",5414.7,377.1,742.7,NA,NA,NA,NA,4
"11274","2020 / 02","Queens","01",3473.8,540.3,576.3,NA,NA,NA,NA,4
"11275","2020 / 02","Brooklyn","11",4367.3,519.8,483.9,37.7,NA,9.8,NA,3
"11276","2020 / 02","Bronx","10",2084.6,256.1,370.2,37,NA,NA,NA,2
"11277","2020 / 03","Brooklyn","12",6505.4,698.4,477.3,40,63.8,NA,NA,3
"11278","2020 / 03","Queens","09",3613.2,423.5,556.6,158.2,21.6,NA,NA,4
"11279","2020 / 03","Brooklyn","04",2972.4,279.9,400.7,NA,NA,NA,NA,3
"11280","2020 / 03","Manhattan","07",4382.9,1067.6,804.7,42.6,24.9,NA,NA,1
"11281","2020 / 03","Manhattan","10",2487.5,269.5,273.6,17.8,20.3,NA,NA,1
"11282","2020 / 03","Queens","06",2749.2,398.6,392.8,NA,41.8,NA,NA,4
"11283","2020 / 03","Queens","13",4606.7,414.2,816.5,160.2,NA,NA,NA,4
"11284","2020 / 03","Brooklyn","09",2795.8,264.9,236.5,NA,NA,NA,NA,3
"11285","2020 / 03","Bronx","02",1480,94.9,142.8,NA,NA,NA,NA,2
"11286","2020 / 04","Brooklyn","11",4554.4,559.8,584.7,37.8,NA,NA,NA,3
"11287","2020 / 04","Queens","13",4935.8,428.6,922.2,196.5,NA,NA,NA,4
"11288","2020 / 04","Brooklyn","14",4536.1,449.1,451.7,NA,NA,NA,NA,3
"11289","2020 / 04","Bronx","07",3550.1,281.2,499.9,NA,NA,NA,NA,2
"11290","2020 / 04","Brooklyn","16",1997,107.7,186.9,21.1,NA,NA,NA,3
"11291","2020 / 04","Staten Island","01",5302.3,627,867.2,169.1,NA,NA,NA,5
"11292","2020 / 04","Manhattan","07",3494.5,819.9,775.9,30.9,NA,NA,NA,1
"11293","2020 / 04","Brooklyn","04",2908.5,282.3,443.4,NA,NA,NA,NA,3
"11294","2020 / 04","Queens","11",2874.2,468.8,539.9,126.8,NA,NA,NA,4
"11295","2020 / 04","Queens","02",2702.2,393,482.4,77.3,NA,NA,NA,4
"11296","2020 / 04","Bronx","06",2197.1,153.9,239.8,9.6,NA,NA,NA,2
"11297","2020 / 05","Brooklyn","15",4743,555.2,573.7,2.6,NA,NA,NA,3
"11298","2020 / 05","Queens","12",7951,540.6,1050,NA,NA,NA,NA,4
"11299","2020 / 05","Bronx","11",3495.3,315.2,472.7,9,NA,NA,NA,2
"11300","2020 / 05","Bronx","05",3886.9,278.9,402.6,NA,NA,NA,NA,2
"11301","2020 / 05","Manhattan","07",3921.4,850,752.6,1.6,NA,NA,NA,1
"11302","2020 / 05","Bronx","08",2477.3,341.8,420.7,6,NA,NA,NA,2
"11303","2020 / 05","Manhattan","01",1089.3,284.8,245,0.6,NA,NA,NA,1
"11304","2020 / 05","Staten Island","02",5189,571.5,702.7,NA,NA,NA,NA,5
"11305","2020 / 06","Queens","03",6035.7,452.7,672.7,NA,NA,NA,NA,4
"11306","2020 / 06","Queens","01",4641.7,724.4,830.2,NA,NA,NA,NA,4
"11307","2020 / 06","Brooklyn","02",2608.2,489.3,478,NA,NA,NA,NA,3
"11308","2020 / 06","Manhattan","05",1147.4,231,181.8,NA,NA,NA,NA,1
"11309","2020 / 06","Brooklyn","13",2383.7,215.9,287.5,NA,NA,NA,NA,3
"11310","2020 / 06","Queens","07",7718.7,870.3,1027.2,NA,NA,NA,NA,4
"11311","2020 / 06","Bronx","04",4684.4,433.8,535.5,NA,NA,NA,NA,2
"11312","2020 / 06","Bronx","05",4088.9,350.4,468.3,NA,NA,NA,NA,2
"11313","2020 / 06","Bronx","06",2728.9,243.8,292.8,NA,NA,NA,NA,2
"11314","2020 / 06","Manhattan","02",1696.7,366.2,320.2,NA,NA,NA,NA,1
"11315","2020 / 06","Manhattan","04",2298.1,409.7,381.8,NA,NA,NA,NA,1
"11316","2020 / 06","Queens","08",4411.6,512.3,532.7,NA,NA,NA,NA,4
"11317","2020 / 06","Queens","09",4845.7,530.7,779,NA,NA,NA,NA,4
"11318","2020 / 07","Manhattan","05",1275.6,248.5,183.8,NA,NA,NA,NA,1
"11319","2020 / 07","Bronx","02",1810.6,168.9,218.6,NA,NA,NA,NA,2
"11320","2020 / 07","Bronx","11",3683.3,314.9,514.5,NA,NA,NA,NA,2
"11321","2020 / 07","Bronx","04",4772.9,369.4,457.8,NA,NA,NA,NA,2
"11322","2020 / 08","Brooklyn","15",4835.8,541.1,555.2,NA,NA,NA,NA,3
"11323","2020 / 08","Queens","10",4811.8,382.5,671,NA,NA,NA,NA,4
"11324","2020 / 08","Queens","09",4861.2,449,749.1,NA,NA,NA,NA,4
"11325","2020 / 08","Queens","08",4377.6,478.7,479.9,NA,NA,NA,NA,4
"11326","2020 / 08","Brooklyn","05",5716.1,322.6,533.6,NA,NA,NA,NA,3
"11327","2020 / 08","Bronx","05",3915.2,304.2,441.9,NA,NA,NA,NA,2
"11328","2020 / 08","Queens","01",4637.2,670.6,734.5,NA,NA,NA,NA,4
"11329","2020 / 08","Manhattan","07",4379,890.3,729.1,NA,NA,NA,NA,1
"11330","2020 / 08","Brooklyn","09",3204.9,307.6,283.4,NA,NA,NA,NA,3
"11331","2020 / 08","Brooklyn","13",2415.9,182.5,248,NA,NA,NA,NA,3
"11332","2020 / 08","Queens","11",3671.5,472,516.1,NA,NA,NA,NA,4
"11333","2020 / 08","Queens","07",7807.7,816.3,905.8,NA,NA,NA,NA,4
"11334","2020 / 08","Bronx","07",4052.6,389.3,600.6,NA,NA,NA,NA,2
"11335","2020 / 08","Queens","02",3560.9,439.2,456.5,NA,NA,NA,NA,4
"11336","2020 / 08","Manhattan","11",2407.5,221.2,218.3,NA,NA,NA,NA,1
"11337","2020 / 08","Bronx","09",4411.1,300.9,497.7,NA,NA,NA,NA,2
"11338","2020 / 09","Brooklyn","18",6346.2,607,737,NA,NA,NA,NA,3
"11339","2020 / 09","Brooklyn","17",4968.1,353.6,545.3,NA,NA,NA,NA,3
"11340","2020 / 09","Manhattan","07",4562.1,1007.1,731.3,NA,NA,NA,NA,1
"11341","2020 / 09","Manhattan","12",5283.8,545.6,588.1,NA,NA,NA,NA,1
"11342","2020 / 09","Queens","12",7848.3,550.9,1039.3,NA,NA,NA,NA,4
"11343","2020 / 09","Bronx","05",3768.6,307.9,441.2,NA,NA,NA,NA,2
"11344","2020 / 09","Bronx","01",2354.1,184,190.4,NA,NA,NA,NA,2
"11345","2020 / 09","Brooklyn","07",3650.2,453.2,450.6,NA,NA,NA,NA,3
"11346","2020 / 09","Brooklyn","10",3693.2,528.5,522.8,NA,NA,NA,NA,3
"11347","2020 / 10","Brooklyn","11",5465.9,666.2,627.4,NA,NA,NA,NA,3
"11348","2020 / 10","Queens","14",3438.8,305.6,344.3,NA,NA,NA,NA,4
"11349","2020 / 10","Staten Island","03",6406.3,840.8,828.1,NA,NA,NA,NA,5
"11350","2020 / 10","Brooklyn","02",2745,566.2,464.3,NA,NA,NA,NA,3
"11351","2020 / 10","Bronx","07",3923,393.4,623.1,NA,NA,NA,NA,2
"11352","2020 / 10","Staten Island","02",4691.7,577.1,666.6,NA,NA,NA,NA,5
"11353","2020 / 10","Brooklyn","03",4542,486.7,473.9,NA,NA,NA,NA,3
"11354","2020 / 11","Bronx","11",3441.7,265.8,385.6,NA,NA,NA,NA,2
"11355","2020 / 11","Staten Island","03",6941.5,749.6,685.3,NA,NA,NA,NA,5
"11356","2020 / 11","Manhattan","04",2242.7,409.9,350.3,NA,NA,NA,NA,1
"11357","2020 / 11","Staten Island","01",6384.4,605.5,693,NA,NA,NA,NA,5
"11358","2020 / 11","Brooklyn","06",2383.8,549.9,440.8,NA,NA,NA,NA,3
"11359","2020 / 11","Bronx","01",2244.8,166.2,157.7,NA,NA,NA,NA,2
"11360","2020 / 11","Bronx","02",1614.8,99.9,126.3,NA,NA,5,NA,2
"11361","2020 / 12","Brooklyn","18",5894.8,756.5,756.6,NA,NA,NA,NA,3
"11362","2020 / 12","Queens","11",3152.1,570.2,529.2,NA,NA,NA,NA,4
"11363","2020 / 12","Brooklyn","08",2851.4,432.3,380.6,NA,NA,2.2,NA,3
"11364","2020 / 12","Bronx","11",3268.6,359.4,452.1,NA,NA,NA,NA,2
"11365","2020 / 12","Brooklyn","01",5989.1,925.8,661.6,NA,NA,NA,NA,3
"11366","2020 / 12","Brooklyn","07",3523.2,507.8,478.2,NA,NA,NA,NA,3
"11367","2020 / 12","Staten Island","01",5801.1,787.2,831,NA,NA,NA,NA,5
"11368","2020 / 12","Bronx","01",2275.7,177,181.3,NA,NA,NA,NA,2
"11369","2020 / 12","Brooklyn","04",3379.6,353.5,449.7,NA,NA,NA,NA,3
"14088","2020 / 01","Bronx","07",3568.5,308.9,512.6,NA,NA,NA,15.6,2
"14089","2020 / 01","Brooklyn","11",4881.9,647.8,589.8,42,NA,NA,20.9,3
"14090","2020 / 01","Queens","12",6084.4,483.9,875.9,NA,NA,NA,13.5,4
"14091","2020 / 01","Brooklyn","13",1931.7,194.2,251.9,19.4,NA,NA,4.8,3
"14092","2020 / 01","Manhattan","09",2116.1,286.4,306.2,35.7,63.1,NA,20.5,1
"14093","2020 / 02","Brooklyn","18",4388.2,461.7,525.5,NA,NA,NA,NA,3
"14094","2020 / 02","Queens","10",2999.8,297.5,435.2,55.1,NA,NA,NA,4
"14095","2020 / 02","Queens","05",4045.7,530.6,650.9,103.3,55.7,NA,NA,4
"14096","2020 / 02","Brooklyn","08",2306.3,259.5,248.2,NA,11.6,NA,NA,3
"14097","2020 / 02","Manhattan","09",1979.6,247.7,266.3,35.1,47.9,NA,NA,1
"14098","2020 / 02","Queens","08",3018.5,386.2,358.3,84.9,NA,NA,NA,4
"14099","2020 / 02","Queens","06",2440.6,364.4,333.4,NA,59.7,NA,NA,4
"14100","2020 / 02","Bronx","03",1731.9,118.4,193.5,NA,NA,NA,NA,2
"14101","2020 / 02","Brooklyn","13",1727.2,154.2,194.9,17.4,NA,NA,NA,3
"14102","2020 / 02","Manhattan","05",1194.2,257.8,171,NA,NA,NA,NA,1
"14103","2020 / 02","Bronx","01",1793.6,101.9,122.4,5.2,NA,NA,NA,2
"14104","2020 / 03","Brooklyn","17",3965.2,274.7,427.9,NA,NA,NA,NA,3
"14105","2020 / 03","Manhattan","09",2133.6,242.2,264.4,40.8,36.3,NA,NA,1
"14106","2020 / 03","Queens","08",3454.1,422.7,417.6,102.9,NA,NA,NA,4
"14107","2020 / 04","Brooklyn","07",2925,390.7,435.7,55.8,NA,NA,NA,3
"14108","2020 / 04","Staten Island","02",4378.4,560.4,657.5,NA,NA,NA,NA,5
"14109","2020 / 04","Brooklyn","01",4930.4,701.2,633.5,57.2,NA,NA,NA,3
"14110","2020 / 04","Queens","07",6075.1,782.4,861.1,113.2,NA,NA,NA,4
"14111","2020 / 04","Queens","14",2843.8,248.7,313.4,71.3,NA,NA,NA,4
"14112","2020 / 04","Manhattan","03",2252.6,266.1,337,NA,NA,NA,NA,1
"14113","2020 / 04","Bronx","03",1931.7,140.6,235.7,NA,NA,NA,NA,2
"14114","2020 / 04","Brooklyn","03",3798.2,398.5,449.9,NA,NA,NA,NA,3
"14115","2020 / 04","Brooklyn","13",1852.9,160,234,19.8,NA,NA,NA,3
"14116","2020 / 05","Brooklyn","09",3016.8,320.3,303.3,NA,NA,NA,NA,3
"14117","2020 / 05","Brooklyn","12",6182.3,760.3,450.2,2.7,NA,NA,NA,3
"14118","2020 / 05","Manhattan","10",2615.5,281.1,298.2,0.8,NA,NA,NA,1
"14119","2020 / 06","Brooklyn","10",3877.5,549,595.6,NA,NA,NA,NA,3
"14120","2020 / 06","Manhattan","11",2354,236.4,217.2,NA,NA,NA,NA,1
"14121","2020 / 06","Bronx","07",4286.6,427.7,607.1,NA,NA,NA,NA,2
"14122","2020 / 06","Queens","05",5693.4,678.2,1089.5,NA,NA,NA,NA,4
"14123","2020 / 06","Bronx","02",1789.9,145.1,177.1,NA,NA,NA,NA,2
"14124","2020 / 07","Brooklyn","17",5472.3,404.8,605,NA,NA,NA,NA,3
"14125","2020 / 07","Bronx","09",4461.4,322.7,496.6,NA,NA,NA,NA,2
"14126","2020 / 07","Manhattan","12",5527.1,591.1,648.2,NA,NA,NA,NA,1
"14127","2020 / 07","Manhattan","07",4295.8,927.1,758.3,NA,NA,NA,NA,1
"14128","2020 / 07","Bronx","03",2392.1,208.8,278.8,NA,NA,NA,NA,2
"14129","2020 / 08","Brooklyn","18",6639.9,588.2,776.9,NA,NA,NA,NA,3
"14130","2020 / 08","Staten Island","03",6861.7,747.8,830.3,NA,NA,NA,NA,5
"14131","2020 / 08","Manhattan","10",2965.8,269.5,271.4,NA,NA,NA,NA,1
"14132","2020 / 08","Queens","12",8452.2,558.4,1085,NA,NA,NA,NA,4
"14133","2020 / 08","Manhattan","09",2460.9,280.4,308.9,NA,NA,NA,NA,1
"14134","2020 / 08","Bronx","10",3068,320.5,531.8,NA,NA,NA,NA,2
"14135","2020 / 09","Manhattan","02",1911.4,452.7,325.3,NA,NA,NA,NA,1
"14136","2020 / 09","Manhattan","04",2400.6,471.3,383.2,NA,NA,NA,NA,1
"14137","2020 / 09","Bronx","09",4236,289.9,465.1,NA,NA,NA,NA,2
"14138","2020 / 09","Staten Island","01",6081.8,612.6,892.7,NA,NA,NA,NA,5
"14139","2020 / 09","Brooklyn","09",3246.4,341.9,301.6,NA,NA,NA,NA,3
"14140","2020 / 10","Manhattan","02",2010.9,455.1,322.5,NA,NA,NA,NA,1
"14141","2020 / 10","Brooklyn","17",4840.6,372.6,508.4,NA,NA,NA,NA,3
"14142","2020 / 10","Brooklyn","01",6226.8,879.7,645.7,NA,NA,NA,NA,3
"14143","2020 / 10","Bronx","06",2473.6,193.8,230.5,NA,NA,NA,NA,2
"14144","2020 / 10","Queens","07",7239.3,862.8,895,NA,NA,NA,NA,4
"14145","2020 / 10","Manhattan","11",2310.5,221.9,196.3,NA,NA,NA,NA,1
"14146","2020 / 10","Queens","06",3015.4,455.6,436.2,NA,NA,NA,NA,4
"14147","2020 / 10","Brooklyn","06",2368.5,642,493,NA,NA,NA,NA,3
"14148","2020 / 10","Manhattan","01",1341.7,434.7,289.9,NA,NA,NA,NA,1
"14149","2020 / 10","Brooklyn","08",2897.2,363.2,335,NA,NA,NA,NA,3
"14150","2020 / 11","Queens","10",4307.4,357.2,563.3,NA,NA,NA,NA,4
"14151","2020 / 11","Bronx","08",2578.3,339.3,382.4,NA,NA,NA,NA,2
"14152","2020 / 11","Queens","12",7505.6,497.2,859.5,NA,NA,NA,NA,4
"14153","2020 / 11","Brooklyn","14",5135.9,495.4,447.5,NA,NA,NA,NA,3
"14154","2020 / 11","Staten Island","02",4976.6,530.5,530.5,NA,NA,1,NA,5
"14155","2020 / 11","Bronx","04",4266.4,299.1,394.9,NA,NA,NA,NA,2
"14156","2020 / 11","Manhattan","01",1207.1,325.3,224.3,NA,NA,NA,NA,1
"14157","2020 / 11","Queens","06",2981.1,388.3,382.1,NA,NA,NA,NA,4
"14158","2020 / 11","Bronx","03",2187.7,160.8,208.6,NA,NA,NA,NA,2
"14159","2020 / 12","Brooklyn","11",5344.1,707,635.2,NA,NA,15.8,NA,3
"14160","2020 / 12","Queens","12",7175.7,648.6,1024.4,NA,NA,NA,NA,4
"14161","2020 / 12","Queens","10",3923.3,466.4,643.7,NA,NA,NA,NA,4
"16890","2020 / 01","Bronx","12",3496.6,389,618.1,135,NA,NA,8.4,2
"16891","2020 / 01","Queens","14",2703.6,267,279.4,58.9,NA,NA,27,4
"16892","2020 / 01","Staten Island","01",4751,650.1,713.9,83.6,NA,NA,35.7,5
"16893","2020 / 01","Manhattan","07",4683.6,1140.8,859.9,42.7,49.8,NA,81,1
"16894","2020 / 02","Queens","09",3267.8,367.3,467.4,122.5,30.8,NA,NA,4
"16895","2020 / 02","Queens","02",2625.6,370.6,361.8,59.6,53.1,NA,NA,4
"16896","2020 / 02","Bronx","09",3262.2,199.7,308.4,NA,NA,NA,NA,2
"16897","2020 / 02","Brooklyn","09",2630.2,250.3,221.8,NA,NA,NA,NA,3
"16898","2020 / 02","Staten Island","02",3418.3,459.3,428.3,NA,30.2,1.6,NA,5
"16899","2020 / 03","Queens","02",2931.5,435.3,445.1,76.6,36,NA,NA,4
"16900","2020 / 03","Manhattan","03",2699.6,305.2,313.6,NA,28.3,NA,NA,1
"16901","2020 / 03","Queens","01",3937.1,638,700.2,NA,NA,NA,NA,4
"16902","2020 / 03","Manhattan","05",1222.5,287.5,194.8,NA,NA,NA,NA,1
"16903","2020 / 03","Queens","12",5999.5,417.8,829.1,NA,NA,NA,NA,4
"16904","2020 / 03","Manhattan","11",2157,204.8,195.6,3.8,NA,NA,NA,1
"16905","2020 / 04","Brooklyn","10",3079,480.5,534.7,56.1,NA,NA,NA,3
"16906","2020 / 04","Queens","10",3617.3,346.3,586.7,57.6,NA,NA,NA,4
"16907","2020 / 04","Bronx","04",3837.1,218.4,383.4,8.6,NA,NA,NA,2
"16908","2020 / 04","Bronx","12",3577.3,357.6,616.3,141.7,NA,NA,NA,2
"16909","2020 / 04","Brooklyn","09",2777.8,284.9,276.5,NA,NA,NA,NA,3
"16910","2020 / 04","Manhattan","09",1878.8,221.2,292.4,31.5,NA,NA,NA,1
"16911","2020 / 04","Queens","04",3709.4,303.8,473.1,NA,NA,NA,NA,4
"16912","2020 / 05","Bronx","10",3101.6,357.9,567.3,7.3,NA,NA,NA,2
"16913","2020 / 05","Bronx","06",2532.2,189.9,250.6,4.9,NA,NA,NA,2
"16914","2020 / 05","Queens","10",4517.3,378.6,675.9,4,NA,NA,NA,4
"16915","2020 / 05","Brooklyn","03",4326.4,426.3,465.2,NA,NA,NA,NA,3
"16916","2020 / 05","Manhattan","09",2171,282.3,326.1,2,NA,NA,NA,1
"16917","2020 / 05","Manhattan","02",1459.8,297.4,278.8,NA,NA,NA,NA,1
"16918","2020 / 05","Manhattan","12",4845.6,499.2,582.9,2,NA,NA,NA,1
"16919","2020 / 05","Manhattan","04",2061,420.9,438.2,1.5,NA,NA,NA,1
"16920","2020 / 05","Staten Island","03",7306.6,853.2,988.1,NA,NA,NA,NA,5
"16921","2020 / 05","Bronx","04",4410.5,321.1,446,0.4,NA,NA,NA,2
"16922","2020 / 05","Brooklyn","08",2710.3,281.2,305.7,NA,NA,NA,NA,3
"16923","2020 / 05","Queens","07",7243.8,811.1,936.3,9.5,NA,NA,NA,4
"16924","2020 / 05","Bronx","07",4027.1,342.8,527.2,NA,NA,NA,NA,2
"16925","2020 / 06","Brooklyn","08",2995,379.8,391.6,NA,NA,NA,NA,3
"16926","2020 / 06","Brooklyn","09",3240.9,315.8,292.2,NA,NA,NA,NA,3
"16927","2020 / 06","Brooklyn","12",6530.9,792,442.9,NA,NA,NA,NA,3
"16928","2020 / 06","Bronx","09",4423.5,326,497.1,NA,NA,NA,NA,2
"16929","2020 / 06","Brooklyn","14",5303.7,559.8,543.8,NA,NA,NA,NA,3
"16930","2020 / 06","Manhattan","12",5361.5,533.9,585.8,NA,NA,NA,NA,1
"16931","2020 / 07","Bronx","10",3095.1,343.1,563.3,NA,NA,NA,NA,2
"16932","2020 / 07","Queens","13",6957.2,552.2,1164.7,NA,NA,NA,NA,4
"16933","2020 / 07","Queens","02",3550.5,487.1,495,NA,NA,NA,NA,4
"16934","2020 / 07","Brooklyn","09",3274.8,360.1,325.4,NA,NA,NA,NA,3
"16935","2020 / 07","Brooklyn","08",3096.7,352.7,367.8,NA,NA,NA,NA,3
"16936","2020 / 07","Bronx","06",2698.3,243.6,280.7,NA,NA,NA,NA,2
"16937","2020 / 07","Brooklyn","14",5241.4,492.8,497.1,NA,NA,NA,NA,3
"16938","2020 / 08","Bronx","02",1767.8,128,168.6,NA,NA,NA,NA,2
"16939","2020 / 08","Manhattan","04",2382.1,430,391.8,NA,NA,NA,NA,1
"16940","2020 / 08","Manhattan","12",5377,490.3,556.5,NA,NA,NA,NA,1
"16941","2020 / 08","Bronx","12",4787.3,433.3,713.8,NA,NA,NA,NA,2
"16942","2020 / 08","Queens","04",4636.3,376.4,577.7,NA,NA,NA,NA,4
"16943","2020 / 09","Queens","06",3133.3,436.8,419.6,NA,NA,NA,NA,4
"16944","2020 / 09","Queens","10",4531.6,392.5,611.9,NA,NA,NA,NA,4
"16945","2020 / 09","Queens","03",5584.6,433.2,625.9,NA,NA,NA,NA,4
"16946","2020 / 09","Manhattan","03",3016.1,392.8,339.8,NA,NA,NA,NA,1
"16947","2020 / 09","Queens","11",3511.2,495.6,520.5,NA,NA,NA,NA,4
"16948","2020 / 09","Brooklyn","04",3728.1,356.8,457.1,NA,NA,NA,NA,3
"16949","2020 / 10","Brooklyn","13",2302.1,205.8,255.6,NA,NA,NA,NA,3
"16950","2020 / 10","Brooklyn","12",7031.3,783.2,446.2,NA,NA,NA,NA,3
"16951","2020 / 10","Manhattan","07",4625,1123.8,825.4,NA,NA,NA,NA,1
"16952","2020 / 10","Queens","03",5410.9,446.4,631.2,NA,NA,NA,NA,4
"16953","2020 / 10","Bronx","03",2207.6,162.1,222.2,NA,NA,NA,NA,2
"16954","2020 / 10","Bronx","01",2307.4,167.6,170,NA,NA,NA,NA,2
"16955","2020 / 10","Brooklyn","14",5203.5,533.9,505.8,NA,NA,NA,NA,3
"16956","2020 / 10","Queens","09",4502.7,426.2,711.4,NA,NA,NA,NA,4
"16957","2020 / 10","Manhattan","10",2833.9,301.2,293.6,NA,NA,NA,NA,1
"16958","2020 / 10","Bronx","11",3477.6,304.2,449.8,NA,NA,NA,NA,2
"16959","2020 / 11","Brooklyn","17",4805,336.9,462.6,NA,NA,NA,NA,3
"16960","2020 / 11","Brooklyn","05",5117.3,285.9,452.8,NA,NA,NA,NA,3
"16961","2020 / 11","Queens","09",4449.3,400.2,616.7,NA,NA,NA,NA,4
"16962","2020 / 11","Queens","08",4010.8,430.4,405.3,NA,NA,NA,NA,4
"16963","2020 / 11","Queens","11",3628.3,445.6,443.3,NA,NA,NA,NA,4
"16964","2020 / 11","Brooklyn","04",3424.2,325.1,412.1,NA,NA,NA,NA,3
"16965","2020 / 11","Manhattan","10",2730.2,254.6,238.6,NA,NA,7.5,NA,1
"16966","2020 / 11","Bronx","07",3863.3,328,504.2,NA,NA,NA,NA,2
"16967","2020 / 11","Manhattan","09",2168.6,240.3,245.4,NA,NA,NA,NA,1
"16968","2020 / 12","Queens","13",5563.5,578.5,1027.6,NA,NA,NA,NA,4
"16969","2020 / 12","Bronx","06",2479.2,240.7,270.5,NA,NA,NA,NA,2
"16970","2020 / 12","Bronx","04",4395.5,339.7,405.9,NA,NA,NA,NA,2
"16971","2020 / 12","Queens","02",3207.7,563.5,519.1,NA,NA,NA,NA,4
"16972","2020 / 12","Queens","09",4198.8,523.5,691.6,NA,NA,NA,NA,4
"19764","2020 / 01","Brooklyn","14",4583.6,488.9,410.3,NA,82.2,NA,10.8,3
"19765","2020 / 01","Queens","13",4520.2,448.6,857.4,172.6,NA,NA,30,4
"19766","2020 / 01","Bronx","03",1927.2,165.4,236.9,NA,NA,NA,2.1,2
"19767","2020 / 01","Bronx","01",1973.9,118.8,142,5.8,NA,NA,23.8,2
"19768","2020 / 02","Brooklyn","04",2665.1,236.5,349,NA,NA,NA,NA,3
"19769","2020 / 02","Manhattan","06",2628.2,526.2,408.4,33.7,NA,NA,NA,1
"19770","2020 / 02","Manhattan","11",2063.2,192.2,181.5,NA,NA,NA,NA,1
"19771","2020 / 02","Manhattan","12",4166.3,398.2,468.2,25.4,37.1,NA,NA,1
"19772","2020 / 02","Manhattan","01",1285.2,385.4,252.1,17.3,NA,NA,NA,1
"19773","2020 / 02","Manhattan","03",2707.7,308.8,301.4,NA,41.7,NA,NA,1
"19774","2020 / 02","Manhattan","10",2316.6,229.9,245.6,16.5,25,NA,NA,1
"19775","2020 / 02","Manhattan","04",2153,472.3,382.8,32.1,NA,NA,NA,1
"19776","2020 / 03","Brooklyn","01",5676.2,680.3,543.8,51.7,NA,NA,NA,3
"19777","2020 / 03","Staten Island","01",4932.1,584.8,688.3,110.5,NA,NA,NA,5
"19778","2020 / 03","Staten Island","03",5463.3,743.4,707.2,NA,18.4,NA,NA,5
"19779","2020 / 03","Queens","10",3461.1,351,515.8,54.6,NA,NA,NA,4
"19780","2020 / 03","Bronx","06",2216.1,156.9,220.7,9.5,18.2,NA,NA,2
"19781","2020 / 03","Queens","03",4577.8,324.9,483.8,NA,NA,NA,NA,4
"19782","2020 / 03","Bronx","01",1971,130.1,160.7,4.7,NA,NA,NA,2
"19783","2020 / 04","Manhattan","12",4258.4,440.4,590.3,29.9,NA,NA,NA,1
"19784","2020 / 04","Bronx","09",3568.1,214.5,376.6,NA,NA,NA,NA,2
"19785","2020 / 04","Bronx","08",2177.5,326.8,419.6,63.4,NA,NA,NA,2
"19786","2020 / 04","Manhattan","04",1845.2,402.7,427.6,27.7,NA,NA,NA,1
"19787","2020 / 05","Brooklyn","14",4849.4,473.9,465.7,NA,NA,NA,NA,3
"19788","2020 / 05","Brooklyn","02",2401.4,448,463.7,5.1,NA,NA,NA,3
"19789","2020 / 05","Bronx","03",2190.1,176.9,247.9,NA,NA,NA,NA,2
"19790","2020 / 05","Bronx","09",4199.8,274.4,442.9,NA,NA,NA,NA,2
"19791","2020 / 05","Brooklyn","05",5159.9,293.5,493.1,NA,NA,NA,NA,3
"19792","2020 / 05","Brooklyn","18",6168.7,599.6,767.5,NA,NA,NA,NA,3
"19793","2020 / 05","Queens","02",3165.6,425.1,486.5,5.4,NA,NA,NA,4
"19794","2020 / 05","Brooklyn","06",2144.7,505.6,473.5,7.1,NA,NA,NA,3
"19795","2020 / 06","Bronx","10",3135.3,341.9,580.2,NA,NA,NA,NA,2
"19796","2020 / 06","Brooklyn","05",5753.7,376.3,590.9,NA,NA,NA,NA,3
"19797","2020 / 06","Queens","02",3485.3,478.1,500,NA,NA,NA,NA,4
"19798","2020 / 06","Manhattan","10",2885.8,306.7,302.7,NA,NA,NA,NA,1
"19799","2020 / 06","Queens","06",3183.6,445.1,449.1,NA,NA,NA,NA,4
"19800","2020 / 06","Queens","14",3903.7,307.8,382.9,NA,NA,NA,NA,4
"19801","2020 / 06","Manhattan","07",4286,913.8,774.1,NA,NA,NA,NA,1
"19802","2020 / 07","Brooklyn","07",3886.4,456.8,490.4,NA,NA,NA,NA,3
"19803","2020 / 07","Queens","11",3519.5,491.3,544,NA,NA,NA,NA,4
"19804","2020 / 07","Brooklyn","05",5906.2,391.1,614.3,NA,NA,NA,NA,3
"19805","2020 / 07","Brooklyn","03",4746.2,492.5,525.9,NA,NA,NA,NA,3
"19806","2020 / 07","Brooklyn","12",5702.8,670.7,412.2,NA,NA,NA,NA,3
"19807","2020 / 07","Manhattan","02",1765.4,363.4,301.4,NA,NA,NA,NA,1
"19808","2020 / 07","Brooklyn","16",2769.8,162.4,246.7,NA,NA,NA,NA,3
"19809","2020 / 07","Queens","04",4762.7,440.3,605.2,NA,NA,NA,NA,4
"19810","2020 / 07","Bronx","07",4304.2,435.2,626.2,NA,NA,NA,NA,2
"19811","2020 / 08","Bronx","04",4577.6,336.1,461.9,NA,NA,NA,NA,2
"19812","2020 / 08","Manhattan","06",2707.7,444.7,390.6,NA,NA,NA,NA,1
"19813","2020 / 08","Manhattan","05",1256.4,227.3,163.6,NA,NA,NA,NA,1
"19814","2020 / 08","Brooklyn","06",2269.6,503.5,428.5,NA,NA,NA,NA,3
"19815","2020 / 09","Queens","04",4453.7,377.3,592.7,NA,NA,NA,NA,4
"19816","2020 / 09","Staten Island","03",6615.1,788.9,818.6,NA,NA,NA,NA,5
"19817","2020 / 09","Queens","07",7466.3,809,876.2,NA,NA,NA,NA,4
"19818","2020 / 09","Brooklyn","06",2367.9,585.7,448.8,NA,NA,NA,NA,3
"19819","2020 / 09","Bronx","03",2252.3,247.9,315,NA,NA,NA,NA,2
"19820","2020 / 09","Brooklyn","11",5520.2,639.9,617.5,NA,NA,NA,NA,3
"19821","2020 / 09","Queens","14",3713.5,278.8,341.9,NA,NA,NA,NA,4
"19822","2020 / 09","Manhattan","08",4808.4,1075.1,751.7,NA,NA,NA,NA,1
"19823","2020 / 10","Brooklyn","18",6102.5,635,732.8,NA,NA,NA,NA,3
"19824","2020 / 10","Queens","02",3341.8,468.4,452.9,NA,NA,NA,NA,4
"19825","2020 / 10","Brooklyn","16",2461.2,131.5,234.5,NA,NA,NA,NA,3
"19826","2020 / 10","Queens","01",4278.6,689.5,708,NA,NA,NA,NA,4
"19827","2020 / 10","Queens","10",4411.8,405.1,603.2,NA,NA,NA,NA,4
"19828","2020 / 10","Bronx","08",2557.6,370.7,411.1,NA,NA,NA,NA,2
"19829","2020 / 11","Bronx","06",2438.6,170.8,208.8,NA,NA,NA,NA,2
"19830","2020 / 11","Bronx","09",3985.2,243.5,374,NA,NA,NA,NA,2
"19831","2020 / 11","Brooklyn","07",3469.4,418.1,403.5,NA,NA,NA,NA,3
"19832","2020 / 11","Queens","14",3268.5,250.5,279.1,NA,NA,NA,NA,4
"19833","2020 / 11","Queens","13",6203.2,466.8,834.6,NA,NA,NA,NA,4
"19834","2020 / 11","Brooklyn","11",5301.1,568.4,547.4,NA,NA,7.4,NA,3
"19835","2020 / 11","Brooklyn","13",2136.5,186.6,222.9,NA,NA,NA,NA,3
"19836","2020 / 11","Queens","05",5513,605.1,736.4,NA,NA,NA,NA,4
"19837","2020 / 11","Manhattan","03",2718.3,318.1,289.2,NA,NA,NA,NA,1
"19838","2020 / 11","Brooklyn","18",6116.7,562.4,609.5,NA,NA,NA,NA,3
"19839","2020 / 12","Manhattan","06",2646.9,632.2,473.5,NA,NA,NA,NA,1
"19840","2020 / 12","Brooklyn","06",2336.9,687.6,511.7,NA,NA,NA,NA,3
"19841","2020 / 12","Bronx","07",3950,427.3,589.9,NA,NA,NA,NA,2
"19842","2020 / 12","Queens","03",5214.1,504.2,637.7,NA,NA,NA,NA,4
"19843","2020 / 12","Brooklyn","17",4839.4,430.8,560.2,NA,NA,NA,NA,3
"19844","2020 / 12","Queens","01",4219.3,775.6,753.8,NA,NA,NA,NA,4
"19845","2020 / 12","Staten Island","03",6378.5,1053.5,863.3,NA,NA,NA,NA,5
"19846","2020 / 12","Queens","08",3871.2,549.1,474.1,NA,NA,NA,NA,4
"19847","2020 / 12","Brooklyn","05",5128.4,392.8,531.6,NA,NA,NA,NA,3
"19848","2020 / 12","Brooklyn","09",3272.2,355.9,316.9,NA,NA,NA,NA,3
"19849","2020 / 12","Queens","04",4227.9,456.7,697.9,NA,NA,NA,NA,4
"22587","2020 / 01","Brooklyn","03",3885.9,425.4,415.9,NA,NA,8.3,20.9,3
"22588","2020 / 01","Brooklyn","10",3221.2,528.5,502.9,67.9,NA,NA,38,3
"22589","2020 / 01","Brooklyn","17",4047.7,318.6,472.3,NA,NA,NA,7.1,3
"22590","2020 / 01","Bronx","05",3304.4,202.3,332.1,NA,NA,NA,3.8,2
"22591","2020 / 01","Manhattan","12",4654.9,506.7,612.3,30,43.5,NA,32,1
"22592","2020 / 01","Bronx","08",2250,346.8,406,60.4,NA,NA,21.6,2
"22593","2020 / 01","Manhattan","10",2608.2,315.7,317.2,18.4,32.7,NA,25.2,1
"22594","2020 / 01","Brooklyn","15",4310.6,606.8,519.6,56.5,NA,NA,7.5,3
"22595","2020 / 02","Manhattan","08",4690.8,1084.8,812.3,20.6,NA,NA,NA,1
"22596","2020 / 02","Queens","07",5371.4,694.6,661.4,91.2,NA,NA,NA,4
"22597","2020 / 02","Bronx","07",3240.4,250.2,420.8,NA,NA,NA,NA,2
"22598","2020 / 02","Bronx","08",1999.5,286.4,329.9,42.5,NA,NA,NA,2
"22599","2020 / 02","Brooklyn","06",1812,491.7,390.4,95.5,40.9,NA,NA,3
"22600","2020 / 03","Manhattan","06",2708.7,524,414.5,45.3,NA,NA,NA,1
"22601","2020 / 03","Brooklyn","14",4669.4,511,442.1,NA,43.3,NA,NA,3
"22602","2020 / 03","Queens","07",6163.7,788,785.1,104.6,NA,NA,NA,4
"22603","2020 / 03","Brooklyn","05",4355.6,240.4,407.4,NA,NA,NA,NA,3
"22604","2020 / 03","Manhattan","02",1722.4,455.9,339.9,NA,17.1,NA,NA,1
"22605","2020 / 03","Bronx","04",3893.3,264.4,404.7,11.7,NA,NA,NA,2
"22606","2020 / 03","Bronx","09",3569.3,216.1,337.3,NA,NA,NA,NA,2
"22607","2020 / 04","Manhattan","06",2068.8,435.9,435.3,40.2,NA,NA,NA,1
"22608","2020 / 04","Brooklyn","15",4468.6,543.4,589.2,44.8,NA,NA,NA,3
"22609","2020 / 04","Brooklyn","12",6179.6,723.8,508.4,33.2,NA,NA,NA,3
"22610","2020 / 04","Queens","09",3676.6,391.8,621,153.9,NA,NA,NA,4
"22611","2020 / 04","Brooklyn","18",5367.7,549.5,690.3,NA,NA,NA,NA,3
"22612","2020 / 04","Brooklyn","05",4405.4,253.4,463.6,NA,NA,NA,NA,3
"22613","2020 / 04","Queens","05",4698.1,586.6,940.5,121.6,NA,NA,NA,4
"22614","2020 / 04","Brooklyn","17",4078.9,284.3,459,NA,NA,NA,NA,3
"22615","2020 / 04","Bronx","10",2542.8,284.4,485,78,NA,NA,NA,2
"22616","2020 / 05","Brooklyn","17",4791.8,334.5,519,NA,NA,NA,NA,3
"22617","2020 / 05","Manhattan","05",1017.3,212.6,169.1,NA,NA,NA,NA,1
"22618","2020 / 05","Queens","08",4044.8,449.2,481.7,3.3,NA,NA,NA,4
"22619","2020 / 05","Bronx","12",4506.3,417,702.3,12.5,NA,NA,NA,2
"22620","2020 / 05","Brooklyn","04",3419.2,323.4,473.4,NA,NA,NA,NA,3
"22621","2020 / 05","Queens","01",4382.4,609.6,766.9,NA,NA,NA,NA,4
"22622","2020 / 05","Queens","03",5416.8,398.3,607.4,NA,NA,NA,NA,4
"22623","2020 / 05","Queens","11",3554.5,465.8,542.8,8.9,NA,NA,NA,4
"22624","2020 / 05","Manhattan","08",3986.3,908.5,797.3,0.7,NA,NA,NA,1
"22625","2020 / 05","Brooklyn","01",5289.9,744.4,587,1.9,NA,NA,NA,3
"22626","2020 / 05","Brooklyn","13",2157.3,191.6,267.3,0.8,NA,NA,NA,3
"22627","2020 / 06","Brooklyn","11",5760.6,655.5,733.3,NA,NA,NA,NA,3
"22628","2020 / 06","Queens","12",8585.7,604,1246.4,NA,NA,NA,NA,4
"22629","2020 / 06","Staten Island","01",6633.5,709.1,1124.1,NA,NA,NA,NA,5
"22630","2020 / 06","Queens","13",7129.4,530.1,1228.2,NA,NA,NA,NA,4
"22631","2020 / 06","Brooklyn","01",5831.8,730.3,612.6,NA,NA,NA,NA,3
"22632","2020 / 07","Queens","08",4309.3,512,516.9,NA,NA,NA,NA,4
"22633","2020 / 07","Queens","07",7653,890.4,946.8,NA,NA,NA,NA,4
"22634","2020 / 07","Bronx","12",4959.5,500.1,765.4,NA,NA,NA,NA,2
"22635","2020 / 07","Manhattan","09",2477.5,302.9,343.4,NA,NA,NA,NA,1
"22636","2020 / 07","Brooklyn","06",2322.7,547.8,470.5,NA,NA,NA,NA,3
"22637","2020 / 07","Brooklyn","13",2463.8,223.3,289.7,NA,NA,NA,NA,3
"22638","2020 / 08","Brooklyn","17",5342.7,361.1,554.3,NA,NA,NA,NA,3
"22639","2020 / 08","Brooklyn","08",3045.1,332.7,353.8,NA,NA,NA,NA,3
"22640","2020 / 08","Staten Island","01",6392.4,595.3,908.6,NA,NA,NA,NA,5
"22641","2020 / 08","Manhattan","01",1209.4,300.9,219.1,NA,NA,NA,NA,1
"22642","2020 / 08","Brooklyn","16",2681,131.4,209.8,NA,NA,NA,NA,3
"22643","2020 / 08","Manhattan","02",1816.1,349.4,293.8,NA,NA,NA,NA,1
"22644","2020 / 08","Bronx","03",2326.3,166,246.3,NA,NA,NA,NA,2
"22645","2020 / 09","Brooklyn","12",6959.8,832.1,403.1,NA,NA,NA,NA,3
"22646","2020 / 09","Manhattan","05",1269.8,300.8,201.5,NA,NA,NA,NA,1
"22647","2020 / 09","Bronx","04",4395.7,337.2,435.2,NA,NA,NA,NA,2
"22648","2020 / 09","Bronx","08",2610.6,384,440.9,NA,NA,NA,NA,2
"22649","2020 / 09","Bronx","07",3946.7,412.8,618.8,NA,NA,NA,NA,2
"22650","2020 / 09","Manhattan","09",2340.7,299.7,285.1,NA,NA,NA,NA,1
"22651","2020 / 09","Brooklyn","15",5053.9,587,554.5,NA,NA,NA,NA,3
"22652","2020 / 09","Brooklyn","16",2575.8,125,217.5,NA,NA,NA,NA,3
"22653","2020 / 10","Bronx","10",2959.5,349.8,489.3,NA,NA,NA,NA,2
"22654","2020 / 10","Queens","13",6140.8,550.9,950.2,NA,NA,NA,NA,4
"22655","2020 / 10","Brooklyn","09",3272.6,362.4,316.8,NA,NA,NA,NA,3
"22656","2020 / 10","Brooklyn","05",5295.8,301.4,503.6,NA,NA,NA,NA,3
"22657","2020 / 10","Brooklyn","04",3562.6,371.2,460,NA,NA,NA,NA,3
"22658","2020 / 10","Queens","08",4121.9,503.7,478.2,NA,NA,NA,NA,4
"22659","2020 / 10","Brooklyn","15",5126.4,626.8,578.7,NA,NA,NA,NA,3
"22660","2020 / 10","Manhattan","12",5136.1,546,577.3,NA,NA,NA,NA,1
"22661","2020 / 10","Brooklyn","10",3702.3,543,529.8,NA,NA,NA,NA,3
"22662","2020 / 10","Bronx","05",3773,288.3,412.8,NA,NA,NA,NA,2
"22663","2020 / 11","Brooklyn","08",2839.1,346.6,329.2,NA,NA,11.6,NA,3
"22664","2020 / 11","Brooklyn","03",4488.1,438,435.7,NA,NA,NA,NA,3
"22665","2020 / 11","Queens","03",5239,373.5,542.2,NA,NA,NA,NA,4
"22666","2020 / 11","Manhattan","02",1920,420,309,NA,NA,NA,NA,1
"22667","2020 / 11","Brooklyn","09",3132.5,299.3,252.8,NA,NA,NA,NA,3
"22668","2020 / 12","Brooklyn","12",6782.2,875.5,450.3,NA,NA,NA,NA,3
"22669","2020 / 12","Brooklyn","02",2573.2,625.8,487.5,NA,NA,NA,NA,3
"22670","2020 / 12","Manhattan","12",5082.2,639.3,659.9,NA,NA,NA,NA,1
"22671","2020 / 12","Brooklyn","14",5176.3,562.8,480,NA,NA,NA,NA,3
"22672","2020 / 12","Bronx","08",2536.3,426.9,473.1,NA,NA,NA,NA,2
"22673","2020 / 12","Manhattan","05",1189.7,296.3,202.2,NA,NA,NA,NA,1
